abha_id,name,date_of_birth,gender,mobile_number,generated_token
ABHA1234567890,Rajesh Kumar,1985-06-15,M,9876543210,eyJhbGciOiJIUzI1NiIsInR5cCI6IkpXVCJ9.abc123
ABHA0987654321,Priya Sharma,1990-12-22,F,9123456780,eyJhbGciOiJIUzI1NiIsInR5cCI6IkpXVCJ9.def456
ABHA1122334455,Ankit Verma,1988-03-05,M,9988776655,eyJhbGciOiJIUzI1NiIsInR5cCI6IkpXVCJ9.ghi789
ABHA5566778899,Sneha Singh,1995-11-10,F,9876501234,eyJhbGciOiJIUzI1NiIsInR5cCI6IkpXVCJ9.jkl012
ABHA6677889900,Vikram Patel,1978-07-25,M,9012345678,eyJhbGciOiJIUzI1NiIsInR5cCI6IkpXVCJ9.mno345
ABHA3344556677,Aarti Mehra,1982-01-17,F,9123456701,eyJhbGciOiJIUzI1NiIsInR5cCI6IkpXVCJ9.pqr678
ABHA7788990011,Manoj Joshi,1987-09-30,M,9988770011,eyJhbGciOiJIUzI1NiIsInR5cCI6IkpXVCJ9.stu901
ABHA2233445566,Neha Reddy,1993-05-12,F,9876540987,eyJhbGciOiJIUzI1NiIsInR5cCI6IkpXVCJ9.vwx234
ABHA4455667788,Sanjay Yadav,1980-02-28,M,9011223344,eyJhbGciOiJIUzI1NiIsInR5cCI6IkpXVCJ9.yza567
ABHA8899001122,Pooja Agarwal,1992-08-03,F,9123001122,eyJhbGciOiJIUzI1NiIsInR5cCI6IkpXVCJ9.bcd890
